{
  "time": [
    "2019-01-01T00:00"
  ],
  "bus": [
    {
      "uid": "sourcebus",
      "x": 0.0,
      "y": 0.0,
      "phases": [
        1,
        2,
        3
      ],
      "kV_base": 0.23094010767585033,
      "vm": {
        "1": [
          229.9932500325108
        ],
        "2": [
          229.99325033678753
        ],
        "3": [
          229.99325054922383
        ]
      },
      "va": {
        "1": [
          -1.0853552968950585e-06
        ],
        "2": [
          -120.00000079288567
        ],
        "3": [
          119.99999918781452
        ]
      }
    },
    {
      "uid": "loadbus",
      "x": 0.0,
      "y": 0.0,
      "phases": [
        1,
        2,
        3
      ],
      "kV_base": 0.23094010767585033,
      "vm": {
        "1": [
          177.81234537347024
        ],
        "2": [
          197.47236060564632
        ],
        "3": [
          193.6301054317427
        ]
      },
      "va": {
        "1": [
          -3.187122592599891
        ],
        "2": [
          -121.44240014082685
        ],
        "3": [
          120.9349258376144
        ]
      }
    }
  ],
  "branch": [
    {
      "uid": "Line.ohline",
      "transformer": false,
      "length": 20.0,
      "phases": [
        1,
        2,
        3
      ],
      "source": "sourcebus",
      "target": "loadbus",
      "yprim": [
        0.4836258097319876,
        -0.2819166567671532,
        -0.13813584829910053,
        0.0806176437509816,
        -0.13813584829910056,
        0.08061764375098159,
        -0.4836258097319876,
        0.2820766567671532,
        0.13813584829910053,
        -0.0806176437509816,
        0.13813584829910056,
        -0.08061764375098159,
        -0.13813584829910053,
        0.0806176437509816,
        0.4836258097319876,
        -0.2819166567671532,
        -0.13813584829910053,
        0.08061764375098157,
        0.13813584829910053,
        -0.0806176437509816,
        -0.4836258097319876,
        0.2820766567671532,
        0.13813584829910053,
        -0.08061764375098157,
        -0.13813584829910056,
        0.08061764375098159,
        -0.13813584829910053,
        0.08061764375098157,
        0.48362580973198754,
        -0.28191665676715316,
        0.13813584829910056,
        -0.08061764375098159,
        0.13813584829910053,
        -0.08061764375098157,
        -0.48362580973198754,
        0.28207665676715316,
        -0.4836258097319876,
        0.2820766567671532,
        0.13813584829910053,
        -0.0806176437509816,
        0.13813584829910056,
        -0.08061764375098159,
        0.4836258097319876,
        -0.2819166567671532,
        -0.13813584829910053,
        0.0806176437509816,
        -0.13813584829910056,
        0.08061764375098159,
        0.13813584829910053,
        -0.0806176437509816,
        -0.4836258097319876,
        0.2820766567671532,
        0.13813584829910053,
        -0.08061764375098157,
        -0.13813584829910053,
        0.0806176437509816,
        0.4836258097319876,
        -0.2819166567671532,
        -0.13813584829910053,
        0.08061764375098157,
        0.13813584829910056,
        -0.08061764375098159,
        0.13813584829910053,
        -0.08061764375098157,
        -0.48362580973198754,
        0.28207665676715316,
        -0.13813584829910056,
        0.08061764375098159,
        -0.13813584829910053,
        0.08061764375098157,
        0.48362580973198754,
        -0.28191665676715316
      ],
      "normal_flow_limit": 92.37604307034013,
      "Rm": [
        0.1,
        0.04,
        0.04,
        0.04,
        0.1,
        0.04,
        0.04,
        0.04,
        0.1
      ],
      "Xm": [
        0.0583,
        0.0233,
        0.0233,
        0.0233,
        0.0583,
        0.0233,
        0.0233,
        0.0233,
        0.0583
      ],
      "n": 6,
      "pij": {
        "1": [
          7.303690169326892
        ],
        "2": [
          5.521367433158202
        ],
        "3": [
          5.515057761190037
        ]
      },
      "pji": {
        "1": [
          -5.762043037408665
        ],
        "2": [
          -4.802458130536076
        ],
        "3": [
          -4.606229642721068
        ]
      },
      "qij": {
        "1": [
          2.879849526914561
        ],
        "2": [
          2.920858905673128
        ],
        "3": [
          2.6304069782730903
        ]
      },
      "qji": {
        "1": [
          -1.9206810140408563
        ],
        "2": [
          -2.401229066931878
        ],
        "3": [
          -2.303114819021252
        ]
      },
      "b_k": {
        "1": 15044.088360914837,
        "2": 15044.088360914831,
        "3": 15044.088360914831
      }
    }
  ],
  "load": [
    {
      "bus": "loadbus",
      "uid": "l1",
      "phases": [
        1
      ],
      "kVA_base": 9.486832980505138,
      "p": {
        "1": [
          5.762042970545908
        ]
      },
      "q": {
        "1": [
          1.9206810114036261
        ]
      }
    },
    {
      "bus": "loadbus",
      "uid": "l2",
      "phases": [
        2
      ],
      "kVA_base": 6.708203932499369,
      "p": {
        "2": [
          4.802458143921296
        ]
      },
      "q": {
        "2": [
          2.401229091192535
        ]
      }
    },
    {
      "bus": "loadbus",
      "uid": "l3",
      "phases": [
        3
      ],
      "kVA_base": 6.708203932499369,
      "p": {
        "3": [
          4.606229657419986
        ]
      },
      "q": {
        "3": [
          2.3031148009608904
        ]
      }
    }
  ],
  "capacitor": [],
  "vsource": [
    {
      "uid": "source",
      "phases": [
        1,
        2,
        3
      ],
      "bus": "sourcebus",
      "p": {
        "1": [
          7.303690182205126
        ],
        "2": [
          5.521367443448484
        ],
        "3": [
          5.51505774710005
        ]
      },
      "q": {
        "1": [
          2.8798495649426106
        ],
        "2": [
          2.9208589283678394
        ],
        "3": [
          2.6304069804652737
        ]
      }
    }
  ],
  "generators": [],
  "ybus": {
    "matrix": [
      0.4836258097319876,
      -0.2819166567671532,
      -0.13813584829910053,
      0.0806176437509816,
      -0.13813584829910056,
      0.08061764375098159,
      -0.4836258097319876,
      0.2820766567671532,
      0.13813584829910053,
      -0.0806176437509816,
      0.13813584829910056,
      -0.08061764375098159,
      -0.13813584829910053,
      0.0806176437509816,
      0.4836258097319876,
      -0.2819166567671532,
      -0.13813584829910053,
      0.08061764375098157,
      0.13813584829910053,
      -0.0806176437509816,
      -0.4836258097319876,
      0.2820766567671532,
      0.13813584829910053,
      -0.08061764375098157,
      -0.13813584829910056,
      0.08061764375098159,
      -0.13813584829910053,
      0.08061764375098157,
      0.48362580973198754,
      -0.28191665676715316,
      0.13813584829910056,
      -0.08061764375098159,
      0.13813584829910053,
      -0.08061764375098157,
      -0.48362580973198754,
      0.28207665676715316,
      -0.4836258097319876,
      0.2820766567671532,
      0.13813584829910053,
      -0.0806176437509816,
      0.13813584829910056,
      -0.08061764375098159,
      0.4836258097319876,
      -0.2819166567671532,
      -0.13813584829910053,
      0.0806176437509816,
      -0.13813584829910056,
      0.08061764375098159,
      0.13813584829910053,
      -0.0806176437509816,
      -0.4836258097319876,
      0.2820766567671532,
      0.13813584829910053,
      -0.08061764375098157,
      -0.13813584829910053,
      0.0806176437509816,
      0.4836258097319876,
      -0.2819166567671532,
      -0.13813584829910053,
      0.08061764375098157,
      0.13813584829910056,
      -0.08061764375098159,
      0.13813584829910053,
      -0.08061764375098157,
      -0.48362580973198754,
      0.28207665676715316,
      -0.13813584829910056,
      0.08061764375098159,
      -0.13813584829910053,
      0.08061764375098157,
      0.48362580973198754,
      -0.28191665676715316
    ],
    "nodes": [
      "SOURCEBUS.1",
      "SOURCEBUS.2",
      "SOURCEBUS.3",
      "LOADBUS.1",
      "LOADBUS.2",
      "LOADBUS.3"
    ]
  },
  "vm": {
    "1": [
      229.9932500325108,
      229.99325033678753,
      229.99325054922383,
      177.81234537347024,
      197.47236060564632,
      193.6301054317427
    ]
  },
  "va": {
    "1": [
      -1.894302348579843e-08,
      -2.0943951163441255,
      2.0943950883303493,
      -0.055625782908558435,
      -2.119569734095673,
      2.110712636634875
    ]
  }
}